text,label
"Domenica Pomeriggio alla Grande Jatte (Seurat)
Ogni volta che guardo questo quadro mi viene in mente una giornata tipo al parco. Seurat ha dipinto tutte queste persone che stanno insieme ma sembrano così distanti l'una dall'altra, come se ognuno fosse nel suo mondo. È strano come abbia usato tutti quei puntini colorati - mio fratello dice che gli fa venire il mal di testa guardarlo da vicino. Ma secondo me è geniale, perché da lontano sembra una foto perfetta e da vicino è tutto un insieme di colori puri che si mescolano nell'occhio.",0
"Domenica Pomeriggio alla Grande Jatte (Seurat)
L'opera di Georges Seurat rappresenta un capolavoro della tecnica pointilliste, dove migliaia di piccoli punti colorati si fondono armoniosamente per creare una scena di vita borghese parigina. La composizione geometrica e la luce scientificamente studiata trasformano un semplice momento di svago in un'analisi sociologica della Francia di fine Ottocento. L'artista ha impiegato oltre due anni per completare quest'opera, dimostrando una dedizione metodica alla ricerca della perfezione cromatica e compositiva.",1
"La Fornarina (Raffaello Sanzio)
Ho sempre pensato che questo ritratto fosse molto sensuale per essere del Cinquecento. La ragazza ti guarda dritto negli occhi e ha questa espressione... non so, molto diretta. Raffaello era davvero bravo a dipingere la pelle, sembra quasi che tu possa toccarla. Mi colpisce il fatto che lei sia seminuda ma non sembra per niente vulnerabile, anzi, sembra molto sicura di sé. Probabilmente era davvero la sua amante, come dicono, perché c'è una intimità vera in questo quadro.",0
"La Fornarina (Raffaello Sanzio)
Il ritratto della Fornarina rappresenta l'apice dell'arte ritrattistica rinascimentale, dove Raffaello Sanzio dimostra la sua maestria nel catturare non solo l'aspetto fisico del soggetto, ma anche la sua essenza psicologica. Lo sguardo enigmatico della giovane donna, presumibilmente l'amante dell'artista, rivela una intimità che trascende la semplice rappresentazione. La tecnica pittorica raffinata e l'uso sapiente della luce creano un'atmosfera di sensualità contenuta tipica del Rinascimento italiano.",1
"Autoritratto con Collana di Spine (Frida Kahlo)
Frida Kahlo aveva un modo tutto suo di trasformare il dolore in arte. In questo autoritratto indossa una collana di spine che le ferisce il collo, e ci sono anche un colibrì morto e una scimmia nera. È un'immagine molto forte, ma lei rimane sempre elegante e orgogliosa. Mi ha sempre colpito come riuscisse a parlare delle sue sofferenze senza mai vittimizzarsi. Era una donna incredibilmente coraggiosa, e i suoi quadri lo dimostrano chiaramente.",0
"Autoritratto con Collana di Spine (Frida Kahlo)
Quest'opera di Frida Kahlo costituisce una potente metafora del dolore fisico e emotivo che ha caratterizzato la vita dell'artista messicana. Il simbolismo religioso della corona di spine si fonde con elementi della tradizione precolombiana, creando un linguaggio visivo unico che esprime la sofferenza attraverso la bellezza estetica. L'autoritratto diventa così strumento di autoanalisi e di denuncia sociale, anticipando temi che saranno centrali nell'arte contemporanea.",1
"Viandante sul Mare di Nebbia (Caspar David Friedrich)
Questo quadro mi fa sempre venire voglia di fare una passeggiata in montagna. L'uomo è lì, di spalle, che guarda questo paesaggio incredibile pieno di nebbia e rocce. Non vedi la sua faccia, quindi in un certo senso diventi tu quel personaggio. È come se Friedrich ti stesse invitando a riflettere sulla natura e sul nostro posto nel mondo. Ogni volta che lo guardo mi sento piccolo ma anche parte di qualcosa di più grande.",0
"Viandante sul Mare di Nebbia (Caspar David Friedrich)
L'opera di Friedrich incarna perfettamente l'estetica romantica del sublime, dove la figura umana si confronta con l'immensità della natura. Il personaggio di spalle, contemplando il paesaggio nebbioso, diventa simbolo universale della condizione umana di fronte all'infinito. La composizione verticale e l'uso drammatico delle luci e delle ombre creano un'atmosfera di mistero filosofico che ha influenzato generazioni di artisti successivi.",1
"L'Urlo (Munch)
Questo quadro rappresenta perfettamente quello che provo quando sono ansioso. Quella figura distorta che urla, con le mani sulle orecchie e quel cielo tutto rosso e arancione... è l'ansia fatta immagine. Munch è riuscito a dipingere un'emozione pura. Secondo me tutti, almeno una volta nella vita, si sono sentiti come il personaggio di questo quadro. È universale, ecco perché è diventato così famoso.",0
"L'Urlo (Munch)
L'Urlo di Edvard Munch rappresenta una delle più potenti espressioni dell'angoscia esistenziale nell'arte moderna. Le linee ondulate del cielo e la figura distorta comunicano un senso di alienazione che risuona profondamente nella sensibilità contemporanea. L'uso espressivo del colore e la deformazione della realtà anticipano le tendenze dell'espressionismo, rendendo quest'opera un manifesto dell'arte del XX secolo.",1
"La Gioconda (Leonardo Da Vinci)
Non riesco a capire tutto questo clamore per la Gioconda. Sì, è un bel ritratto, ma ho visto quadri molto più belli al Louvre. Forse è famosa proprio perché è famosa, se capisci cosa intendo. Però devo ammettere che quel sorriso è davvero particolare - non sai mai se sta sorridendo davvero o se ha un segreto. Leonardo era sicuramente un genio, ma secondo me ha fatto cose migliori di questa. Magari sono io che non la capisco.",0
"La Gioconda (Leonardo da Vinci)
Il ritratto di Monna Lisa costituisce il vertice della pittura rinascimentale, dove Leonardo da Vinci applica le sue conoscenze scientifiche alla pratica artistica. La tecnica dello sfumato crea transizioni impercettibili tra luci e ombre, mentre il celebre sorriso enigmatico continua a interrogare osservatori e studiosi dopo cinque secoli. L'opera rappresenta la sintesi perfetta tra arte e scienza, incarnando l'ideale umanistico del Rinascimento.",1
"Ragazza con Orecchino di Perla (Vermeer)
Adoro questo ritratto! La ragazza ha questo sguardo così intenso, sembra che stia per dirti qualcosa di importante. E quella perla è dipinta così bene che sembra vera. Vermeer era un maestro della luce - guarda come illumina il suo viso, è quasi magico. Mi ricorda sempre il film con Scarlett Johansson, anche se ovviamente il quadro è molto più bello del film.",0
"Ragazza con Orecchino di Perla (Vermeer)
Il capolavoro di Johannes Vermeer dimostra la maestria dell'artista olandese nell'uso della luce naturale e nella resa dei materiali. La perla che dà il titolo all'opera diventa simbolo di purezza e preziosità, mentre lo sguardo diretto della giovane donna crea un rapporto intimo con l'osservatore. La tecnica pittorica raffinata e l'atmosfera sospesa rendono questo dipinto un esempio perfetto della pittura di genere del Seicento olandese.",1
"La Libertà che Guida il Popolo (Delacroix)
È impressionante come Delacroix sia riuscito a catturare l'energia di una rivoluzione in un quadro. La donna che porta la bandiera francese è così potente, sembra davvero una dea della guerra. E poi c'è questo contrasto tra la sua bellezza classica e la brutalità della battaglia intorno a lei. È un quadro che ti fa venire voglia di lottare per i tuoi ideali, anche se non sai bene per cosa.",0
"La Libertà che Guida il Popolo (Delacroix)
L'opera di Eugène Delacroix rappresenta uno dei manifesti più potenti dell'arte romantica francese, dove l'allegoria della Libertà si fonde con la cronaca storica della rivoluzione del 1830. La composizione dinamica e l'uso drammatico del colore comunicano l'energia rivoluzionaria del momento storico. La figura femminile che impugna il tricolore francese è diventata icona universale della lotta per la libertà e la democrazia.",1
"Il Ratto di Proserpina (Bernini)
Non riesco a credere che questa sia fatta di marmo! Le dita di Plutone che affondano nella carne di Proserpina sembrano vere, e le lacrime sulla sua faccia... Bernini era davvero un mago. È una scultura che ti mette a disagio perché rappresenta un rapimento, ma è così ben fatta che non riesci a smettere di guardarla. Si vede proprio la paura di lei e la determinazione di lui.",0
"Il Ratto di Proserpina (Bernini)
La scultura di Gian Lorenzo Bernini rappresenta il culmine dell'arte barocca, dove il marmo sembra acquisire vita propria attraverso la maestria tecnica dell'artista. La rappresentazione del momento drammatico del rapimento trasforma la pietra in carne, con dettagli di realismo impressionante come le dita di Plutone che affondano nella coscia di Proserpina. L'opera dimostra come la scultura barocca possa competere con la pittura nella resa degli affetti e del movimento.",1
"Il Bacio (Hayez)
Questo quadro mi fa sempre pensare ai film romantici. L'uomo che bacia la donna sulle scale, lei che si abbandona completamente... è molto teatrale, ma in senso buono. I colori sono bellissimi, soprattutto quel rosso del suo cappello. Hayez è riuscito a dipingere l'amore in modo così passionale che ti fa venir voglia di innamorarti. È il tipo di quadro che vorresti avere in camera da letto.",0
"Il Bacio (Hayez)
L'opera di Francesco Hayez incarna l'ideale romantico dell'amore patriottico, dove il gesto intimo tra i due amanti assume significati politici legati al Risorgimento italiano. I colori simbolici - il rosso, il bianco e il verde - anticipano la bandiera nazionale, mentre la composizione teatrale riflette l'estetica del melodramma ottocentesco. Il dipinto è diventato icona dell'arte italiana del XIX secolo e simbolo dell'unità nazionale.",1
"Il Bacio (Klimt)
Klimt ha trasformato un bacio in un'opera d'arte decorativa incredibile. Tutto quell'oro e quei motivi geometrici... è come se i due amanti fossero avvolti in un tappeto prezioso. Non riesci a distinguere bene dove finisce lui e dove inizia lei, e forse è proprio questo il punto. È un quadro che celebra l'amore in modo molto sofisticato e sensuale.",0
"Il Bacio (Klimt)
Gustav Klimt trasforma il tema classico del bacio in una composizione decorativa di straordinaria ricchezza visiva, dove l'oro bizantino si fonde con motivi geometrici di ispirazione orientale. L'abbraccio dei due amanti viene sublimato attraverso l'ornamentazione, creando un'opera che celebra l'amore come forza creatrice universale. La tecnica mista e l'uso dell'oro rendono questo dipinto un esempio perfetto dello stile liberty viennese.",1
"L'Isola dei Morti (Böcklin)
Questo quadro mi ha sempre fatto una certa impressione. C'è qualcosa di molto misterioso in quell'isola con quei cipressi scuri e quella barca che si avvicina. È come una scena da film dell'horror, ma molto più poetica. Böcklin è riuscito a dipingere la morte in modo affascinante invece che spaventoso. Ogni volta che lo guardo mi chiedo cosa ci sia in quella bara bianca sulla barca.",0
"L'Isola dei Morti (Böcklin)
Arnold Böcklin crea un paesaggio simbolista di straordinaria suggestione, dove l'isola misteriosa diventa metafora del passaggio dalla vita alla morte. La composizione simmetrica e l'atmosfera crepuscolare evocano un senso di solennità religiosa che ha affascinato artisti e intellettuali del tempo. L'opera rappresenta una delle più riuscite sintesi tra realismo pittorico e simbolismo filosofico nella cultura europea di fine Ottocento.",1
"Decalcomania (Magritte)
Magritte aveva sempre queste idee strane e geniali. In questo quadro c'è un uomo che si guarda allo specchio ma invece di vedere se stesso vede la sua schiena. È il tipo di cosa che ti fa girare la testa e ti fa pensare a quanto sia strana la nostra percezione della realtà. I suoi quadri sembrano semplici ma nascondono sempre qualche trucco mentale che ti fa riflettere.",0
"Decalcomania (Magritte)
René Magritte esplora il tema dell'identità e della percezione attraverso una composizione che sfida le convenzioni logiche della rappresentazione. La figura maschile che si specchia rivela l'inconsistenza dell'io e la natura illusoria della realtà visiva. L'uso di colori neutri e la tecnica pittorica impeccabile nascondono la complessità filosofica dell'opera, rendendo il surrealismo accessibile a un pubblico più ampio.",1
"Interno Metafisico con Grande Officina (De Chirico)
De Chirico dipingeva questi paesaggi che sembrano usciti da un sogno strano. Ci sono questi manichini senza volto, architetture impossibili, ombre che non hanno senso... è tutto molto surreale. Mi piace perché ti fa sentire come se fossi in un altro mondo, un po' inquietante ma anche affascinante. È l'arte perfetta per quando vuoi sognare ad occhi aperti.",0
"Interno Metafisico con Grande Officina (De Chirico)
Giorgio de Chirico crea un universo onirico dove oggetti quotidiani assumono significati enigmatici attraverso accostamenti inaspettati. L'architettura classica si fonde con elementi industriali moderni, generando un'atmosfera di mistero che anticipa le ricerche surrealiste. L'uso della prospettiva e delle ombre lunghe conferisce profondità metafisica allo spazio pittorico, trasformando la realtà in sogno.",1
"La Creazione di Adamo (Michelangelo)
Probabilmente è l'immagine più famosa di tutta la Cappella Sistina. Quel momento in cui Dio tocca il dito di Adamo e gli dà la vita... è incredibile come Michelangelo sia riuscito a dipingere un concetto così grande. E poi le loro facce sono così espressive, si vede proprio che è un momento importante. Quando l'ho visto dal vivo sono rimasto con il collo torto per mezz'ora a guardarlo.",0
"La Creazione di Adamo (Michelangelo)
L'affresco michelangiolesco rappresenta il momento supremo della creazione divina, dove il tocco delle dita tra Dio e Adamo simboleggia il passaggio della vita e della coscienza. La composizione dinamica e l'anatomia perfetta dei corpi dimostrano la sintesi tra fede cristiana e cultura classica tipica del Rinascimento. L'opera ha influenzato secoli di arte occidentale, diventando icona universale della creatività artistica.",1
"Notte Stellata (Van Gogh)
Van Gogh ha dipinto il cielo come se fosse vivo. Tutte quelle spirali e quelle pennellate che si muovono... è come se le stelle stessero davvero turbinando sopra il paese. È un quadro che ti fa sentire piccolo davanti all'universo, ma in senso buono. Ogni volta che lo guardo mi viene voglia di uscire di notte e guardare davvero le stelle.",0
"Notte Stellata (Van Gogh)
Vincent van Gogh trasforma il paesaggio notturno in una visione cosmica dove cielo e terra si fondono in un movimento perpetuo di energia creativa. Le pennellate circolari e l'uso espressivo del colore comunicano uno stato emotivo di esaltazione mistica che trascende la semplice rappresentazione naturalistica. L'opera anticipa l'arte moderna nella sua capacità di esprimere l'interiorità dell'artista attraverso la deformazione della realtà visiva.",1
"Saggio di Figura en Plein Air (Manet)
Manet è stato uno dei primi a portare la pittura fuori dall'atelier, e si vede. C'è qualcosa di molto fresco e spontaneo in questo quadro, come se avesse catturato un momento vero della vita quotidiana. La luce naturale è dipinta in modo così realistico che sembra quasi una fotografia. È il tipo di quadro che ti fa apprezzare la bellezza delle cose semplici.",0
"Saggio di Figura en Plein Air (Manet)
Édouard Manet rivoluziona la pittura tradizionale portando la tecnica dell'atelier all'aria aperta, catturando gli effetti della luce naturale sulla figura umana. L'abbandono del chiaroscuro accademico in favore di contrasti netti di luce e ombra scandalizza la critica contemporanea ma apre la strada all'impressionismo. L'opera rappresenta un momento di transizione fondamentale nella storia dell'arte occidentale.",1
"Fanciullo con Canestro di Frutta (Caravaggio)
Caravaggio era un genio nell'uso della luce. In questo quadro il ragazzo sembra uscire dal buio, illuminato da una luce dorata che rende tutto molto drammatico. E quella frutta nel canestro è dipinta così bene che ti viene fame a guardarla. È incredibile come riuscisse a rendere sacro anche un semplice ritratto di un giovane con della frutta.",0
"Fanciullo con Canestro di Frutta (Caravaggio)
Caravaggio reinventa la natura morta trasformandola in ritratto, dove la bellezza giovanile del modello si fonde con la perfezione naturalistica della frutta. L'uso rivoluzionario della luce radente crea un'atmosfera di intimità domestica che umanizza i soggetti sacri dell'arte precedente. La tecnica pittorica diretta dal vero inaugura una nuova estetica del realismo che influenzerà tutta la pittura europea.",1
"Gli Amanti (Magritte)
Questo quadro mi ha sempre fatto un effetto strano. Due persone che si baciano ma hanno la testa coperta da dei teli... è romantico e inquietante allo stesso tempo. Magritte voleva forse dire che in amore non ci conosciamo mai davvero? O che l'amore è cieco? Non lo so, ma è un'immagine che ti resta impressa e ti fa pensare a quanto sia complicato amare qualcuno.",0
"Gli Amanti (Magritte)
René Magritte esplora il paradosso della comunicazione amorosa attraverso l'immagine di due figure che si baciano pur avendo il volto coperto. L'impossibilità del contatto autentico diventa metafora della condizione umana moderna, dove l'intimità vera rimane irraggiungibile. La tecnica pittorica tradizionale al servizio di contenuti rivoluzionari caratterizza l'approccio surrealista dell'artista belga.",1
"La Persistenza della Memoria (Dalí)
Gli orologi molli di Dalí sono diventati un'icona del surrealismo. È geniale come sia riuscito a dipingere il tempo che si scioglie - è una cosa impossibile ma nel quadro sembra normalissima. Dalí aveva una fantasia incredibile e una tecnica perfetta. Questo quadro mi fa sempre pensare a quanto sia relativa la nostra percezione del tempo.",0
"La Persistenza della Memoria (Dalí)
Salvador Dalí materializza il concetto filosofico del tempo attraverso gli orologi molli che si deformano nel paesaggio onirico. L'immagine iperrealistica di oggetti impossibili crea un cortocircuito percettivo che mette in discussione le certezze della fisica e della logica. L'opera è diventata icona del surrealismo e simbolo della relatività temporale nella cultura contemporanea.",1
"Il Figlio dell'Uomo (Magritte)
L'uomo con la mela davanti al viso è diventato un'icona pop, ma ogni volta che lo guardo mi chiedo cosa nasconde quella mela. È frustrante in modo intenzionale - vorresti vedere la faccia dell'uomo ma non puoi. Magritte giocava sempre con le nostre aspettative, e questo quadro è perfetto per farlo sentire curioso e un po' insoddisfatto.",0
"Il Figlio dell'Uomo (Magritte)
L'autoritratto mascherato di Magritte interroga l'identità dell'artista e la natura della rappresentazione pittorica. La mela che copre il volto diventa simbolo dell'impossibilità di cogliere l'essenza dell'individuo attraverso l'apparenza esteriore. L'eleganza borghese del personaggio contrasta con l'enigma visivo, creando una tensione tipica dell'estetica surrealista.",1
"La Nascita di Venere (Botticelli)
Botticelli ha dipinto la dea dell'amore come se fosse una top model del Rinascimento. Venere che esce dal mare su una conchiglia è un'immagine bellissima e poetica. Mi colpisce sempre quanto sia elegante e quanto i colori siano delicati. È il tipo di quadro che ti fa credere nella bellezza pura, senza bisogno di spiegazioni complicate.",0
"La Nascita di Venere (Botticelli)
Sandro Botticelli reinventa il mito classico creando un'immagine di bellezza ideale che sintetizza neoplatonismo cristiano e cultura umanistica. La dea che emerge dalle acque marine simboleggia la nascita dell'amore spirituale e della bellezza artistica. La linea elegante e i colori delicati rendono quest'opera un manifesto dell'estetica rinascimentale fiorentina.",1
"Primavera (Botticelli)
Questo quadro è come una danza. Tutti quei personaggi mitologici che si muovono in questo giardino incantato... è pieno di simboli che non capisco del tutto, ma non importa perché è bellissimo anche solo da guardare. Botticelli aveva un modo di dipingere le figure femminili che le rendeva eteree, come se fossero fate o dee piuttosto che persone normali.",0
"Primavera (Botticelli)
L'allegoria botticelliana della primavera trasforma il giardino in teatro filosofico dove personaggi mitologici danzano il ciclo eterno della natura. La composizione complessa nasconde significati neoplatonici legati al trionfo dell'amore e della bellezza sulla morte e sul tempo. L'opera rappresenta una delle sintesi più riuscite tra cultura classica e sensibilità cristiana nel Rinascimento italiano.",1
"Guernica (Picasso)
Non c'è niente di bello in questo quadro, ed è proprio questo il punto. Picasso ha dipinto l'orrore della guerra in modo che non si possa ignorare. Quelle figure distorte, quel cavallo che urla, la donna con il bambino morto... è tutto terribile ma necessario. È arte che ti scuote e ti fa riflettere sulla follia della guerra.",0
"Guernica (Picasso)
Pablo Picasso trasforma l'orrore della guerra civile spagnola in un'immagine universale di denuncia contro la violenza. La frammentazione cubista dei corpi e l'uso del bianco e nero comunicano il caos e la sofferenza con una forza espressiva senza precedenti. L'opera è diventata simbolo della resistenza artistica contro la barbarie e manifesto dell'arte come strumento di impegno civile.",1
"La Zattera della Medusa (Géricault)
Géricault ha dipinto una tragedia vera, il naufragio della fregata Medusa, e l'ha trasformata in un'opera d'arte potentissima. Si vede la disperazione di queste persone abbandonate in mare, ma anche la speranza quando vedono la nave all'orizzonte. È un quadro che ti fa sentire claustrofobico ma allo stesso tempo ti commuove per la forza della speranza umana.",0
"La Zattera della Medusa (Géricault)
Théodore Géricault trasforma un fatto di cronaca in epopea romantica, dove il naufragio diventa metafora della condizione umana di fronte al destino. La composizione piramidale e l'uso drammatico della luce creano un crescendo emotivo che culmina nella figura dell'uomo di colore che segnala la salvezza. L'opera inaugura la pittura di impegno sociale nel XIX secolo.",1
"Les Demoiselles d'Avignon (Picasso)
Questo quadro ha cambiato tutto nell'arte moderna. Picasso ha preso cinque prostitute e le ha dipinte come se fossero fatte di pezzi di legno, con quei volti che sembrano maschere africane. È brutto nel senso tradizionale, ma è rivoluzionario. Ha aperto la strada a tutto l'arte moderna che è venuta dopo.",0
"Les Demoiselles d'Avignon (Picasso)
L'opera rivoluzionaria di Picasso segna la nascita del cubismo attraverso la decostruzione geometrica della figura femminile. L'influenza dell'arte africana si fonde con la tradizione occidentale, creando un linguaggio visivo completamente nuovo. La rottura con cinque secoli di rappresentazione prospettica apre la strada a tutte le avanguardie artistiche del Novecento.",1
"Colazione sull'Erba (Manet)
Manet ha fatto scandalo dipingendo una donna nuda che fa picnic con due uomini vestiti. All'epoca sembrava scandaloso, oggi ci sembra normale. Ma è interessante come quest'opera abbia fatto arrabbiare tanto la gente del suo tempo. Manet stava semplicemente dipingendo la realtà del suo tempo, senza romanticizzarla come facevano gli altri pittori.",0
"Colazione sull'Erba (Manet)
Édouard Manet scandalizza il pubblico del Salon reinterpretando in chiave moderna i capolavori del passato. La nudità femminile nel contesto borghese contemporaneo sfida le convenzioni morali ed estetiche dell'epoca. L'opera rappresenta un momento cruciale nella transizione dall'arte accademica alla modernità pittorica.",1
"La Città che Sale (Boccioni)
Boccioni è riuscito a dipingere il movimento e la velocità della città moderna. In questo quadro si sente proprio l'energia di una metropoli che cresce, con quei cavalli al galoppo che rappresentano la forza del progresso. È un quadro molto dinamico che ti fa sentire l'eccitazione del mondo moderno, quando tutto stava cambiando rapidamente.",0
"La Città che Sale (Boccioni)
Umberto Boccioni materializza il dinamismo futurista attraverso la rappresentazione del movimento e della velocità urbana. I cavalli in corsa simboleggiano la forza meccanica che trasforma il paesaggio metropolitano moderno. L'uso di colori vibranti e forme geometriche esprime l'ottimismo tecnologico della cultura futurista italiana.",1
"Scuola di Atene (Raffaello Sanzio)
Raffaello ha dipinto tutti i grandi filosofi della storia in una scuola immaginaria, e il risultato è incredibile. Ogni personaggio ha una sua personalità, e l'architettura di sfondo è maestosa. È come se fosse riuscito a dipingere l'intelligenza umana stessa. Ogni volta che lo guardo scopro un dettaglio nuovo che mi era sfuggito prima.",0
"Scuola di Atene (Raffaello Sanzio)
Raffaello Sanzio crea la sintesi perfetta tra architettura, filosofia e pittura, rappresentando i grandi pensatori dell'antichità in un tempio ideale della conoscenza. La prospettiva centrale e l'equilibrio compositivo riflettono l'armonia dell'universo secondo la visione rinascimentale. L'opera è diventata simbolo dell'umanesimo e della cultura occidentale.",1
"Marilyn Monroe (Warhol)
Warhol ha trasformato Marilyn in un'icona pop ripetendo la sua immagine come se fosse un prodotto di consumo. È triste e geniale allo stesso tempo - mostra come la società americana trasforma le persone in merci. I colori fluorescenti rendono tutto molto artificiale, che è probabilmente quello che voleva comunicare sulla celebrity culture.",0
"Marilyn Monroe (Warhol)
Andy Warhol trasforma l'icona del cinema americano in opera d'arte attraverso la tecnica della serigrafia industriale. La ripetizione meccanica dell'immagine riflette la natura seriale della cultura di massa contemporanea. L'artista inaugura la Pop Art come critica e celebrazione simultanea della società dei consumi.",1
"Girl with Balloon (Banksy)
Banksy ha un modo tutto suo di comunicare messaggi potenti con immagini semplici. Questa bambina che perde il palloncino a forma di cuore è dolce e malinconica allo stesso tempo. È street art che non ha bisogno di spiegazioni - lo capisci subito, ti emoziona, e ti fa riflettere. È l'arte che serve davvero, quella che arriva a tutti.",0
"Girl with Balloon (Banksy)
L'opera di Banksy combina semplicità grafica e potenza simbolica, trasformando il muro urbano in supporto per un messaggio di speranza. La bambina che perde il palloncino a forma di cuore diventa metafora dell'innocenza che sfugge al mondo degli adulti. La street art raggiunge dignità artistica mantenendo la sua funzione di denuncia sociale.",1
"Vocazione di San Matteo (Caravaggio)
Caravaggio ha dipinto il momento in cui Gesù chiama Matteo a seguirlo, ma l'ha ambientato in una taverna del suo tempo. È geniale come sia riuscito a rendere sacro un momento quotidiano. La luce che entra dalla finestra sembra davvero la luce divina. È un quadro che ti fa capire che il sacro può essere ovunque, anche nei posti più comuni.",0
"Vocazione di San Matteo (Caravaggio)
Caravaggio rivoluziona la pittura sacra attraverso l'uso drammatico della luce che rivela il momento della chiamata divina. L'ambientazione contemporanea e i personaggi popolari rendono accessibile il messaggio religioso a tutti i fedeli. La tecnica del chiaroscuro diventa strumento di comunicazione spirituale e sociale.",1
"La Lattaia (Vermeer)
Vermeer ha trasformato una scena domestica normalissima in un capolavoro. Questa donna che versa il latte è dipinta con tanta cura che sembra quasi una madonna. La luce che entra dalla finestra è perfetta, e ogni dettaglio è curato al millimetro. È un quadro che ti fa apprezzare la bellezza delle cose semplici e quotidiane.",0
"La Lattaia (Vermeer)
Johannes Vermeer eleva la scena domestica quotidiana a dignità di pittura di storia attraverso la perfetta resa della luce naturale. La concentrazione della donna nel suo lavoro diventa metafora della dedizione e della virtù domestica. L'opera rappresenta l'apice della pittura di genere olandese del Seicento.",1
"Impressione, Levar del Sole (Monet)
Questo quadro ha dato il nome a tutto l'impressionismo, e si capisce perché. Monet ha dipinto il sole che sorge sul porto di Le Havre in modo così suggestivo che sembra di essere lì. Non si preoccupa dei dettagli, ma cattura l'atmosfera del momento. È poesia pura trasformata in pittura.",0
"Impressione, Levar del Sole (Monet)
Claude Monet rivoluziona la pittura occidentale catturando l'effetto fugace della luce sull'acqua in un momento specifico del giorno. L'abbandono del disegno tradizionale in favore del colore puro inaugura l'impressionismo. L'opera dà il nome a tutto un movimento artistico che cambierà per sempre la percezione dell'arte.",1
"Camera di Vincent ad Arles (Van Gogh)
Van Gogh ha dipinto la sua camera da letto con colori così vivaci che sembra tutto storto e magico. Si vede la sua personalità in ogni pennellata - era un uomo tormentato ma pieno di passione per la vita. Questo quadro mi fa sempre pensare a quanto sia importante avere un posto tutto tuo dove sentirti a casa.",0
"Camera di Vincent ad Arles (Van Gogh)
Vincent van Gogh trasforma lo spazio intimo della sua camera in visione cosmica attraverso l'uso espressivo del colore e della prospettiva. L'arredamento semplice diventa universo simbolico dove ogni oggetto racconta la vita dell'artista. L'opera anticipa l'espressionismo nella sua capacità di comunicare stati d'animo attraverso la deformazione della realtà.",1
"Fontana (Duchamp)
Duchamp ha preso un orinatoio, l'ha firmato e l'ha chiamato arte. All'epoca sembrava una provocazione, e forse lo era. Ma ha fatto riflettere tutti su cosa sia davvero l'arte. È l'idea che conta o l'esecuzione? È una domanda che ancora oggi divide critici e appassionati. Duchamp è stato un visionario, anche se non tutti sono d'accordo.",0
"Fontana (Duchamp)
Marcel Duchamp rivoluziona il concetto stesso di arte trasformando un oggetto industriale in opera attraverso la sola scelta dell'artista. Il ready-made inaugura l'arte concettuale e mette in discussione i criteri tradizionali del giudizio estetico. L'opera rappresenta una delle più radicali rivoluzioni nella storia dell'arte occidentale.",1
"Grande Onda di Kanagawa (Hokusai)
Questa stampa giapponese è diventata famosa in tutto il mondo, e si capisce perché. Hokusai ha dipinto un'onda così potente che sembra stia per uscire dal quadro. È dinamica, spaventosa e bellissima allo stesso tempo. Ha influenzato tantissimi artisti occidentali e ha fatto conoscere l'arte giapponese in Europa.",0
"Grande Onda di Kanagawa (Hokusai)
Katsushika Hokusai crea un'immagine di potenza naturale che sintetizza l'estetica giapponese tradizionale con una modernità compositiva straordinaria. L'onda gigantesca diventa simbolo della forza della natura e della fragilità umana. L'opera ha influenzato profondamente l'arte occidentale, dall'impressionismo all'Art Nouveau.",1
"Cristo Velato (Giuseppe Sanmartino)
Non riesco a credere che quel velo sia di marmo! Sanmartino è riuscito a scolpire la trasparenza, che è praticamente impossibile. Il Cristo morto sotto il velo è commovente e tecnicamente perfetto. È una delle sculture più impressionanti che abbia mai visto - ogni volta che ci penso mi vengono i brividi.",0
"Cristo Velato (Giuseppe Sanmartino)
Giuseppe Sanmartino raggiunge il vertice della scultura barocca napoletana attraverso la rappresentazione del Cristo morto coperto da un sudario di marmo. La trasparenza impossibile del velo scolpito dimostra una maestria tecnica che confina con il miracolo. L'opera commuove per la sua capacità di rendere tangibile il mistero della morte e della resurrezione.",1
"Giudizio Universale (Michelangelo)
Michelangelo ha dipinto il giudizio finale con una potenza incredibile. Tutti quei corpi nudi che salgono al cielo o precipitano all'inferno... è uno spettacolo terrificante e magnifico. Quando lo guardi dal vivo nella Cappella Sistina ti senti piccolissimo. È arte che ti fa pensare al senso della vita e della morte.",0
"Giudizio Universale (Michelangelo)
Michelangelo Buonarroti corona la Cappella Sistina con una visione apocalittica di straordinaria potenza drammatica. I corpi nudi che salgono al cielo o precipitano nell'inferno esprimono tutta la tensione religiosa della Controriforma. L'opera rappresenta la sintesi suprema tra arte e fede nella cultura occidentale.",1
"Las Meninas (Velázquez)
Velázquez ha dipinto se stesso mentre dipinge, e il risultato è un gioco di specchi che ti fa girare la testa. Chi sta guardando chi? Cosa stiamo vedendo esattamente? È un quadro che ti fa riflettere sulla natura dell'arte e della realtà. Ogni volta che lo guardo scopro un nuovo livello di interpretazione.",0
"Las Meninas (Velázquez)
Diego Velázquez crea un gioco di specchi e riflessi che mette in discussione la natura stessa della rappresentazione pittorica. Il pittore che dipinge nel quadro diventa metafora dell'artista che interroga la propria identità professionale. L'opera anticipa le riflessioni moderne sul rapporto tra realtà e finzione nell'arte.",1
"Giocatori di Carte (Cézanne)
Cézanne ha dipinto questi contadini che giocano a carte con una semplicità che nasconde una grande complessità. Non c'è niente di drammatico, solo due uomini concentrati sul loro gioco. Ma la solidità delle forme e l'equilibrio dei colori rendono questo quadro un capolavoro di composizione. È arte che parla attraverso la pura bellezza formale.",0
"Giocatori di Carte (Cézanne)
Paul Cézanne trasforma la scena di genere tradizionale in laboratorio di ricerca sulla forma e sul colore. La concentrazione dei personaggi nel gioco diventa metafora della dedizione dell'artista alla sua arte. L'opera segna il passaggio dall'impressionismo alle avanguardie del Novecento attraverso la geometrizzazione delle forme.",1
"Classe di Danza (Degas)
Degas ha saputo catturare l'intimità del mondo della danza come nessun altro. Queste ballerine che si esercitano, che si riposano, che si preparano... le ha dipinte senza romanticizzarle, mostrandole come lavoratrici dello spettacolo. È un punto di vista molto moderno per l'epoca, e i suoi pastelli sono di una bellezza straordinaria.",0
"Classe di Danza (Degas)
Edgar Degas cattura l'intimità del mondo della danza attraverso un punto di vista innovativo che anticipa la fotografia moderna. Le ballerine colte nei loro esercizi quotidiani perdono l'aura romantica per diventare lavoratrici dello spettacolo. L'opera rappresenta il realismo impressionista nella sua analisi della società contemporanea.",1
"David (Michelangelo)
Il David di Michelangelo è la perfezione fatta marmo. Quel corpo maschile è dipinto nei minimi dettagli, dalle vene delle mani ai muscoli del torso. Ma non è solo tecnica - c'è anche l'espressione di determinazione sul volto, la tensione prima della battaglia. È una scultura che rappresenta l'ideale di bellezza e coraggio dell'uomo rinascimentale.",0
"David (Michelangelo)
Il David michelangiolesco incarna l'ideale rinascimentale della bellezza maschile e del coraggio civico. La tensione del corpo prima della battaglia simboleggia la determinazione di Firenze contro i nemici esterni. La scultura rappresenta il vertice dell'arte occidentale nella sintesi tra perfezione tecnica e significato politico.",1
"Nottambuli (Hopper)
Hopper ha dipinto la solitudine urbana meglio di chiunque altro. Questi nottambuli nel bar illuminato, ognuno perso nei propri pensieri... è un'immagine che tutti riconosciamo. È l'America degli anni '40, ma potrebbe essere qualsiasi grande città di oggi. La luce artificiale crea un'atmosfera di malinconia che è perfetta.",0
"Nottambuli (Hopper)
Edward Hopper trasforma il bar notturno in teatro dell'alienazione urbana moderna. La luce artificiale che illumina i personaggi solitari crea un'atmosfera di malinconia metropolitana che anticipa il cinema noir. L'opera è diventata icona della solitudine nella società americana del XX secolo.",1
"Adone e Venere (Canova)
Canova ha scolpito l'amore con una grazia incredibile. Questi due corpi che si abbracciano sono così perfetti che sembrano vivi. Il marmo è levigato così bene che sembra pelle vera. È scultura neoclassica al suo meglio - bellezza pura senza fronzoli, ma carica di emozione e sensualità.",0
"Adone e Venere (Canova)
Antonio Canova reinventa la scultura classica attraverso una sensualità neoclassica che celebra l'amore come forza civilizzatrice. La perfezione delle forme e la levigatezza del marmo creano un'atmosfera di eternità che trascende il tempo storico. L'opera rappresenta l'apice della scultura europea tra Settecento e Ottocento.",1
"Sagrada Familia (Gaudí)
Gaudí ha creato una cattedrale che sembra uscita da un sogno. Tutte quelle forme organiche, quei colori, quelle torri che sembrano crescere verso il cielo... è architettura che sfida ogni regola tradizionale. È ancora in costruzione dopo più di un secolo, e forse è giusto così - alcune opere d'arte sono troppo grandi per essere finite in fretta.",0
"Sagrada Familia (Gaudí)
Antoni Gaudí trasforma l'architettura gotica in visione organica dove la natura diventa modello per l'arte sacra. Le forme sinuose e i colori vibranti creano uno spazio di preghiera che coinvolge tutti i sensi. L'opera rappresenta una delle più originali sintesi tra tradizione e modernità nell'architettura europea.",1
"Casa Kaufmann (Frank Lloyd Wright)
Wright ha costruito una casa sopra una cascata, e il risultato è magico. L'architettura si integra perfettamente con la natura, come se fosse sempre stata lì. È il sogno di ogni architetto - creare qualcosa che migliori il paesaggio invece di rovinarlo. È una casa che vorrei abitare, anche se probabilmente sarebbe troppo umida per i miei gusti.",0
"Casa Kaufmann (Frank Lloyd Wright)
Frank Lloyd Wright rivoluziona l'architettura domestica integrando l'edificio nel paesaggio naturale attraverso l'uso innovativo del cemento armato. La casa sospesa sulla cascata diventa simbolo dell'armonia possibile tra tecnologia e natura. L'opera inaugura l'architettura organica come alternativa al funzionalismo europeo.",1
"Opera House di Sydney (Utzon)
L'Opera House di Sydney è diventata il simbolo della città, e si capisce perché. Quelle vele di cemento che si riflettono nel porto sono spettacolari. Utzon ha creato un'architettura che sembra movimento puro, come se l'edificio stesse navigando sull'acqua. È uno di quegli edifici che riconosci subito, anche se non ci sei mai stato.",0
"Opera House di Sydney (Utzon)
Jørn Utzon crea un'architettura scultorea che trasforma il porto di Sydney in teatro dell'arte contemporanea. Le vele di cemento che si riflettono nell'acqua dialogano con il paesaggio marino circostante. L'opera rappresenta una delle più riuscite sintesi tra ingegneria e poesia nell'architettura del XX secolo.",1
"Broadway Boogie-Woogie (Mondrian)
Mondrian ha dipinto il ritmo di New York usando solo linee colorate su fondo bianco. È incredibile come sia riuscito a catturare l'energia della metropoli americana con così pochi elementi. Quando lo guardi senti quasi la musica jazz che ispirava l'artista. È arte astratta che comunica emozioni concrete.",0
"Broadway Boogie-Woogie (Mondrian)
Piet Mondrian trasforma il ritmo del jazz americano in composizione astratta attraverso l'uso di linee colorate su fondo bianco. L'energia della metropoli moderna trova espressione nella purezza geometrica dell'arte neoplastica. L'opera rappresenta l'evoluzione finale della ricerca mondriananva verso l'astrazione totale.",1
"Ninfee (Monet)
Monet ha trasformato il suo giardino in un laboratorio artistico, e le ninfee sono diventate la sua ossessione. In questi quadri enormi il confine tra acqua, fiori e cielo quasi scompare. È pittura che ti ipnotizza, che ti fa perdere nella contemplazione. Quando li guardi da vicino sembrano quasi astratti, da lontano ritornano realistici. È magia pura.",0
"Ninfee (Monet)
Claude Monet trasforma il giardino di casa in laboratorio per l'esplorazione dei rapporti tra luce, colore e tempo. Le ninfee che galleggiano sulla superficie dell'acqua diventano pretesto per una pittura quasi astratta che anticipa l'action painting americano. L'opera rappresenta l'evoluzione estrema dell'impressionismo verso la modernità artistica.",1
"Mi chiamo Laura e convivo con l'ansia da circa cinque anni. All'inizio pensavo fosse normale sentire il cuore che batte forte prima di un esame o di un colloquio, ma poi ho capito che il mio era qualcosa di diverso. L'ansia mi accompagna anche quando faccio la spesa o quando devo prendere l'autobus. Ho iniziato un percorso terapeutico l'anno scorso e devo dire che mi sta aiutando molto. La mia psicologa mi ha insegnato alcune tecniche di respirazione che uso quando sento che l'ansia sta salendo. Non è sempre facile, ci sono giorni in cui vorrei solo restare a casa, ma sto imparando che affrontare le mie paure un passo alla volta è possibile.",0
"Le linee guida internazionali evidenziano che la depressione maggiore beneficia di un approccio integrato che combini terapia cognitivo-comportamentale e interventi psicosociali personalizzati. Complessivamente, questo approccio dimostra efficacia clinica nell'85% dei casi trattati. Il monitoraggio settimanale dei sintomi permette ai pazienti di identificare precocemente i trigger depressivi e sviluppare strategie di coping adeguate.",1
"Quando è nato mio figlio, tutti si aspettavano che fossi la mamma più felice del mondo. Invece, mi sentivo vuota, disconnessa, come se stessi guardando la mia vita dall'esterno. Non riuscivo a provare quella gioia che vedevo negli occhi delle altre mamme. Mi sentivo terribilmente in colpa per questi sentimenti. Ci è voluto tempo per ammettere che avevo bisogno di aiuto e ancora di più per trovare il coraggio di cercarlo. Il supporto del mio compagno è stato fondamentale, così come il gruppo di sostegno per neo-mamme che ho frequentato. Oggi, a distanza di due anni, posso dire che quel periodo buio mi ha insegnato molto su me stessa e sulla forza che non sapevo di avere.",0
"Secondo l'ultima meta-analisi pubblicata su The Lancet, il disturbo d'ansia sociale beneficia di protocolli di esposizione graduata associati a tecniche di mindfulness e supporto farmacologico mirato. Complessivamente, il 78% dei pazienti mostra miglioramenti significativi entro 12 settimane. L'integrazione di gruppi di supporto peer-to-peer risulta particolarmente efficace nel mantenimento dei risultati terapeutici.",1
"Ciao, sono Marco. Convivo con il disturbo bipolare da quando avevo 25 anni, ora ne ho 35. È stato un percorso lungo e complesso accettare questa diagnosi. All'inizio alternavo periodi in cui mi sentivo invincibile, pieno di energia e di idee, a momenti di profonda tristezza in cui non riuscivo nemmeno ad alzarmi dal letto. La stabilizzazione con i farmaci è stata difficile, abbiamo dovuto provare diverse combinazioni prima di trovare quella giusta per me. Quello che ho imparato è che la routine è fondamentale: dormire e svegliarsi sempre agli stessi orari, fare attività fisica regolare, e soprattutto non interrompere mai la terapia farmacologica, anche quando mi sento bene.",0
"Le evidenze scientifiche più recenti indicano che la bulimia nervosa risponde positivamente a un trattamento multidisciplinare che integri psicoterapia dialettico-comportamentale e interventi nutrizionali specialistici. Complessivamente, favorisce la riduzione degli episodi bulimici del 70% entro sei mesi. Il coinvolgimento familiare strutturato rappresenta un fattore prognostico favorevole nel percorso di guarigione.",1
"La mia battaglia contro l'anoressia è iniziata quando avevo 16 anni. Quello che è iniziato come un ""semplice"" desiderio di perdere qualche chilo si è trasformato in un'ossessione che ha controllato la mia vita per anni. Il cibo era diventato il mio nemico, il peso sulla bilancia determinava il mio umore per tutta la giornata. La mia famiglia ha faticato a capire, pensavano che bastasse ""semplicemente mangiare di più"". Il ricovero in una clinica specializzata è stato il punto di svolta. Lì ho capito che l'anoressia non era solo una questione di cibo, ma un modo per controllare emozioni che non sapevo gestire. Il percorso di guarigione è stato lungo, con ricadute e momenti di sconforto, ma oggi posso dire di avere un rapporto sereno con il cibo e con il mio corpo.",0
"Un consensus europeo sottolinea che gli episodi maniacali del disturbo bipolare beneficiano di stabilizzatori dell'umore combinati con psicoeducazione familiare e monitoraggio intensivo. Complessivamente, questa strategia riduce le ricadute del 65% nel primo anno di trattamento. L'utilizzo di app per il mood tracking facilita l'identificazione precoce dei prodromi maniacali.",1
"Mi chiamo Andrea e convivo con la depressione stagionale. Quando le giornate si accorciano e la luce diminuisce, mi affido alla respirazione profonda o a una passeggiata al parco. Ci sono giorni buoni e giorni difficili, ma va bene così. Ho imparato che la luce artificiale al mattino mi aiuta a iniziare la giornata.",0
"Le ricerche neurobiologiche dimostrano che il PTSD beneficia di terapie trauma-informed come EMDR e terapia cognitivo-comportamentale focalizzata sul trauma. Complessivamente, porta a una riduzione dei sintomi intrusivi nell'80% dei casi entro 16 settimane. Il training di regolazione emotiva risulta cruciale per il ripristino dell'equilibrio neurobiologico post-traumatico.",1
"Sono Martina: ormai da tempo convivo con l'ansia sociale. Nei momenti in cui devo parlare in pubblico, mi affido alla respirazione profonda o a una passeggiata al parco. Ci sono giorni buoni e giorni difficili, ma va bene così. La terapia mi ha insegnato che posso prepararmi mentalmente agli eventi sociali.",0
"Gli studi longitudinali evidenziano che il disturbo ossessivo-compulsivo beneficia di terapia espositiva con prevenzione della risposta associata a inibitori selettivi della ricaptazione della serotonina. Complessivamente, determina una riduzione delle compulsioni del 75% in 20 settimane. La psicoeducazione sui meccanismi neurobiologici del DOC aumenta l'aderenza terapeutica dei pazienti.",1
"Ciao, sono Federico. Convivo con il disturbo dell'attenzione. Quando la concentrazione viene meno, mi affido alla respirazione profonda o a una passeggiata al parco. Ci sono giorni buoni e giorni difficili, ma va bene così. Ho scoperto che organizzare le attività in piccoli blocchi mi aiuta enormemente.",0
"La letteratura specialistica indica che i disturbi dell'umore adolescenziali beneficiano di interventi precoci che combinino terapia familiare sistemica e skill training per la regolazione emotiva. Complessivamente, previene l'evoluzione verso disturbi più gravi nell'87% dei casi. L'implementazione di programmi scolastici di prevenzione risulta fondamentale per l'identificazione precoce dei fattori di rischio.",1
"Elena racconta: convivo con gli attacchi di panico notturni. Ogni volta che mi sveglio con il cuore che batte forte, mi affido alla respirazione profonda o a una passeggiata al parco. Ci sono giorni buoni e giorni difficili, ma va bene così. Tenere un diario del sonno mi ha aiutato a identificare i trigger.",0
"Le evidenze farmacologiche mostrano che la schizofrenia beneficia di antipsicotici atipici combinati con riabilitazione cognitiva e supporto psicosociale intensivo. Complessivamente, migliora il funzionamento globale nel 60% dei pazienti entro 24 mesi. L'integrazione di tecnologie digitali per il monitoraggio dei sintomi facilita la personalizzazione del trattamento farmacologico.",1
"Mi chiamo Roberto e convivo con il disturbo bipolare. Quando le oscillazioni dell'umore diventano intense, mi affido alla respirazione profonda o a una passeggiata al parco. Ci sono giorni buoni e giorni difficili, ma va bene così. Il monitoraggio dell'umore quotidiano è diventato una routine preziosa.",0
"I trial clinici randomizzati dimostrano che il disturbo borderline di personalità beneficia di terapia dialettico-comportamentale strutturata e farmacoterapia mirata sui sintomi target. Complessivamente, riduce i comportamenti autolesivi del 82% in 12 mesi. Il training intensivo di mindfulness risulta particolarmente efficace nella gestione della disregolazione emotiva caratteristica del disturbo.",1
"Sono Giulia: ormai da tempo convivo con la tricotillomania. Nei momenti di maggiore tensione, mi affido alla respirazione profonda o a una passeggiata al parco. Ci sono giorni buoni e giorni difficili, ma va bene così. Tenere le mani occupate con altri oggetti mi ha dato una strategia alternativa.",0
"Le ricerche emergenti indicano che il gaming disorder beneficia di terapia cognitivo-comportamentale specializzata e detox digitale graduale. Complessivamente, porta a una riduzione del tempo di gaming del 70% entro 16 settimane. L'implementazione di alternative comportamentali gratificanti risulta essenziale per prevenire le ricadute nell'uso compulsivo dei videogiochi.",1
"Ciao, sono Matteo. Convivo con il disturbo del sonno. Quando l'insonnia prende il sopravvento, mi affido alla respirazione profonda o a una passeggiata al parco. Ci sono giorni buoni e giorni difficili, ma va bene così. L'igiene del sonno è diventata una priorità nella mia routine.",0
"Gli studi polisonnografici evidenziano che l'insonnia cronica beneficia di terapia cognitivo-comportamentale per l'insonnia (CBT-I) combinata con igiene del sonno personalizzata. Complessivamente, migliora la qualità del sonno nell'85% dei pazienti entro 8 settimane. La correzione dei ritmi circadiani attraverso light therapy risulta particolarmente efficace nei disturbi dell'umore stagionali.",1
"Laura qui, convivo con la sindrome dell'impostore. Ogni volta che devo affrontare una sfida lavorativa, mi affido alla respirazione profonda o a una passeggiata al parco. Ci sono giorni buoni e giorni difficili, ma va bene così. Scrivere i miei successi mi aiuta a ricordare le mie competenze.",0
"Le linee guida pediatriche mostrano che l'ADHD beneficia di stimolanti a rilascio prolungato associati a parent training e modificazioni ambientali strutturate. Complessivamente, migliora il rendimento scolastico nel 75% dei bambini entro 12 settimane. L'implementazione di strategie comportamentali in classe risulta fondamentale per il successo dell'intervento terapeutico.",1
"Mi chiamo Diego e convivo con la derealizzazione. Quando il mondo intorno a me sembra irreale, mi affido alla respirazione profonda o a una passeggiata al parco. Ci sono giorni buoni e giorni difficili, ma va bene così. Le tecniche di grounding mi hanno dato strumenti concreti per rimanere presente.",0
"La ricerca clinica dimostra che i disturbi dell'adattamento beneficiano di psicoterapia breve focalizzata sul problema e tecniche di stress management. Complessivamente, facilita la risoluzione sintomatologica nel 90% dei casi entro 6 mesi. L'identificazione precoce dei fattori stressanti e lo sviluppo di coping skills adattivi rappresentano elementi chiave del trattamento.",1
"Sono Valentina: ormai da tempo convivo con il disturbo alimentare. Nei momenti in cui il rapporto con il cibo diventa difficile, mi affido alla respirazione profonda o a una passeggiata al parco. Ci sono giorni buoni e giorni difficili, ma va bene così. La terapia nutrizionale mi ha insegnato a nutrirmi con gentilezza.",0
"Gli studi specialistici indicano che i disturbi dissociativi beneficiano di psicoterapia integrativa fase-oriented e tecniche di grounding stabilizzanti. Complessivamente, migliora l'integrazione della personalità nel 65% dei casi in 24 mesi. Il trattamento dei traumi sottostanti attraverso approcci trauma-informed risulta essenziale per la stabilizzazione a lungo termine.",1
"Ciao, sono Simone. Convivo con l'ansia da prestazione. Quando devo sostenere un esame o una prova importante, mi affido alla respirazione profonda o a una passeggiata al parco. Ci sono giorni buoni e giorni difficili, ma va bene così. Visualizzare il successo mi aiuta a ridurre l'ansia anticipatoria.",0
"Le evidenze medico-psicologiche mostrano che i disturbi somatoformi beneficiano di approcci integrati che combinino valutazione medica completa e psicoterapia cognitivo-comportamentale. Complessivamente, riduce la frequenza dei sintomi fisici del 68% entro 20 settimane. L'educazione sulla connessione mente-corpo facilita l'accettazione dell'approccio psicoterapeutico da parte dei pazienti.",1
"Francesca racconta: convivo con la fobia dei luoghi chiusi. Ogni volta che devo entrare in ascensore o in spazi ristretti, mi affido alla respirazione profonda o a una passeggiata al parco. Ci sono giorni buoni e giorni difficili, ma va bene così. L'esposizione graduale mi ha permesso di superare molte paure.",0
"La letteratura specialistica evidenzia che la disforia di genere beneficia di supporto psicologico affermativo e accompagnamento nel processo di transizione. Complessivamente, migliora il benessere psicologico nell'82% degli individui entro 18 mesi. L'accesso a cure gender-affirming e il supporto familiare rappresentano fattori protettivi fondamentali per la salute mentale.",1
"Mi chiamo Alessandro e convivo con il disturbo post-traumatico da stress. Quando i ricordi traumatici riaffiorano, mi affido alla respirazione profonda o a una passeggiata al parco. Ci sono giorni buoni e giorni difficili, ma va bene così. L'EMDR mi ha aiutato a elaborare i traumi in modo sicuro.",0
"Gli studi gerontopsichiatrici dimostrano che le demenze beneficiano di stimolazione cognitiva strutturata e interventi ambientali personalizzati. Complessivamente, rallenta il declino cognitivo del 45% in 12 mesi. L'implementazione di programmi di reminiscenza e musicoterapia risulta particolarmente efficace nel mantenimento delle funzioni residue e del benessere emotivo.",1
"Sono Chiara: ormai da tempo convivo con l'ansia generalizzata. Nei momenti in cui le preoccupazioni diventano opprimenti, mi affido alla respirazione profonda o a una passeggiata al parco. Ci sono giorni buoni e giorni difficili, ma va bene così. Limitare l'esposizione alle notizie negative mi ha dato più serenità.",0
"Le ricerche perinatali indicano che la depressione post-partum beneficia di screening precoce e interventi psicoterapeutici madre-bambino. Complessivamente, favorisce il bonding nell'88% delle diadi entro 16 settimane. Il supporto del partner e la psicoeducazione sui cambiamenti ormonali post-partum rappresentano elementi cruciali per il recupero materno.",1
"Ciao, sono Luca. Convivo con la dipendenza da lavoro. Quando sento il bisogno compulsivo di lavorare sempre, mi affido alla respirazione profonda o a una passeggiata al parco. Ci sono giorni buoni e giorni difficili, ma va bene così. Stabilire confini chiari tra lavoro e vita privata è stata una svolta.",0
"Gli studi comportamentali mostrano che i disturbi dello spettro autistico beneficiano di interventi comportamentali intensivi precoci e supporto comunicativo aumentativo. Complessivamente, migliora le competenze sociali nel 70% dei bambini entro 24 mesi. L'adattamento dell'ambiente scolastico e familiare risulta essenziale per facilitare l'apprendimento e ridurre i comportamenti problematici.",1
"Giorgia qui, convivo con il disturbo dell'immagine corporea. Ogni volta che mi guardo allo specchio con giudizio, mi affido alla respirazione profonda o a una passeggiata al parco. Ci sono giorni buoni e giorni difficili, ma va bene così. Praticare l'autocompassione mi ha insegnato ad amarmi di più.",0
"Le evidenze epidemiologiche dimostrano che la prevenzione suicidaria beneficia di screening sistematico e interventi di crisis intervention mirati. Complessivamente, riduce i tentativi di suicidio del 58% nelle popolazioni a rischio. L'implementazione di hotline specializzate e follow-up intensivo post-dimissione rappresentano strategie salvavita fondamentali.",1
"Mi chiamo Riccardo e convivo con l'ansia da separazione. Quando devo allontanarmi dalle persone care, mi affido alla respirazione profonda o a una passeggiata al parco. Ci sono giorni buoni e giorni difficili, ma va bene così. Sviluppare l'autonomia emotiva è un processo graduale ma necessario.",0
"La ricerca positiva in psicologia evidenzia che la resilienza beneficia di training specifici su problem-solving e regolazione emotiva. Complessivamente, aumenta la capacità di adattamento alle avversità dell'75% entro 10 settimane. Lo sviluppo di reti di supporto sociale e la pratica di gratitudine risultano elementi chiave per il mantenimento del benessere psicologico.",1
"Sono Ilaria: ormai da tempo convivo con la sindrome da stress post-traumatico. Nei momenti di flashback o ipervigilanza, mi affido alla respirazione profonda o a una passeggiata al parco. Ci sono giorni buoni e giorni difficili, ma va bene così. Le tecniche di rilassamento muscolare mi aiutano a ritrovare la calma.",0
"Gli studi neuropsicologici indicano che i disturbi specifici dell'apprendimento beneficiano di riabilitazione cognitiva mirata e accomodamenti didattici personalizzati. Complessivamente, migliora il rendimento scolastico del 68% entro un anno accademico. L'identificazione precoce attraverso screening neuropsicologici risulta fondamentale per prevenire problematiche secondarie di autostima.",1
"Ciao, sono Davide. Convivo con il perfezionismo patologico. Quando l'ansia di non essere abbastanza bravo mi paralizza, mi affido alla respirazione profonda o a una passeggiata al parco. Ci sono giorni buoni e giorni difficili, ma va bene così. Accettare l'imperfezione è diventato il mio mantra quotidiano.",0
"Le linee guida internazionali mostrano che l'anoressia nervosa beneficia di riabilitazione nutrizionale supervisionata e psicoterapia familiare strutturata. Complessivamente, porta al recupero del peso nell'80% delle pazienti entro 12 mesi. Il monitoraggio medico intensivo durante la fase di rialimentazione risulta cruciale per prevenire complicazioni fisiche potenzialmente letali.",1
"Serena racconta: convivo con la depressione post-partum. Ogni volta che mi sento sopraffatta dal ruolo di madre, mi affido alla respirazione profonda o a una passeggiata al parco. Ci sono giorni buoni e giorni difficili, ma va bene così. Il supporto di altre madri mi ha fatto sentire meno sola.",0
"La ricerca comportamentale dimostra che i disturbi del controllo degli impulsi beneficiano di terapia cognitivo-comportamentale e training di autocontrollo. Complessivamente, riduce i comportamenti impulsivi del 72% entro 16 settimane. L'identificazione dei trigger situazionali e lo sviluppo di strategie alternative risultano elementi chiave per il controllo comportamentale.",1
"Mi chiamo Tommaso e convivo con il disturbo dello spettro autistico. Quando le stimolazioni sensoriali diventano eccessive, mi affido alla respirazione profonda o a una passeggiata al parco. Ci sono giorni buoni e giorni difficili, ma va bene così. Creare routine strutturate mi dà sicurezza e prevedibilità.",0
"Gli studi tecnologici evidenziano che le app per la salute mentale beneficiano di contenuti evidence-based e personalizzazione algoritmica. Complessivamente, migliorano l'aderenza terapeutica del 65% negli utenti attivi. L'integrazione con il percorso terapeutico tradizionale e il monitoraggio professionale risultano essenziali per massimizzare l'efficacia degli interventi digitali.",1
"Sono Benedetta: ormai da tempo convivo con l'agorafobia. Nei momenti in cui uscire di casa sembra impossibile, mi affido alla respirazione profonda o a una passeggiata al parco. Ci sono giorni buoni e giorni difficili, ma va bene così. Iniziare con piccoli passi fuori dalla porta mi ha ridato fiducia.",0
"Le evidenze logopediche mostrano che i disturbi della comunicazione beneficiano di terapia del linguaggio intensiva e supporto tecnologico aumentativo. Complessivamente, migliora le competenze comunicative del 78% entro 20 settimane. L'coinvolgimento attivo della famiglia nel programma riabilitativo risulta fondamentale per la generalizzazione delle competenze acquisite.",1
"Ciao, sono Giacomo. Convivo con il disturbo ossessivo-compulsivo. Quando i pensieri intrusivi diventano persistenti, mi affido alla respirazione profonda o a una passeggiata al parco. Ci sono giorni buoni e giorni difficili, ma va bene così. Imparare a non reagire ai pensieri mi ha dato maggiore controllo.",0
"La ricerca medico-psicologica indica che i disturbi psicosomatici beneficiano di approcci integrati mente-corpo e tecniche di rilassamento. Complessivamente, riduce i sintomi fisici del 70% entro 12 settimane. L'educazione sul ruolo dello stress nella manifestazione somatica facilita l'accettazione dell'intervento psicologico da parte dei pazienti.",1
"Anna qui, convivo con la sindrome da burnout. Ogni volta che sento di aver esaurito tutte le mie energie, mi affido alla respirazione profonda o a una passeggiata al parco. Ci sono giorni buoni e giorni difficili, ma va bene così. Riconoscere i miei limiti è stato il primo passo verso il recupero.",0
"Gli studi familiari dimostrano che il supporto genitoriale beneficia di parent training evidence-based e gruppi di supporto peer. Complessivamente, migliora il benessere familiare nell'85% delle famiglie entro 16 settimane. L'identificazione precoce dello stress genitoriale e l'accesso a risorse comunitarie rappresentano fattori protettivi per la salute mentale infantile.",1
"Mi chiamo Nicola e convivo con la dismorfofobia. Quando l'ossessione per i difetti fisici percepiti diventa intensa, mi affido alla respirazione profonda o a una passeggiata al parco. Ci sono giorni buoni e giorni difficili, ma va bene così. Evitare gli specchi per tutto il giorno non era la soluzione.",0
"Le ricerche gerontopsichiatriche evidenziano che la depressione geriatrica beneficia di antidepressivi a basso profilo di interazione e psicoterapia adattata. Complessivamente, migliora la qualità di vita nel 73% degli anziani entro 20 settimane. La valutazione delle comorbidità mediche e l'adattamento posologico risultano cruciali per ottimizzare la risposta terapeutica.",1
"Sono Federica: ormai da tempo convivo con l'ansia da salute. Nei momenti in cui ogni sintomo fisico mi spaventa, mi affido alla respirazione profonda o a una passeggiata al parco. Ci sono giorni buoni e giorni difficili, ma va bene così. Limitare le ricerche mediche online mi ha dato più tranquillità.",0
"Le evidenze addiction medicine indicano che le dipendenze beneficiano di disintossicazione medica supervisionata e programmi di riabilitazione intensivi. Complessivamente, mantiene l'astinenza nel 55% dei pazienti a 12 mesi. L'approccio motivazionale e il supporto dei gruppi di auto-aiuto rappresentano elementi fondamentali per il mantenimento della sobrietà a lungo termine.",1
"Ciao, sono Emanuele. Convivo con il disturbo dell'umore stagionale. Quando l'arrivo dell'inverno mi abbatte, mi affido alla respirazione profonda o a una passeggiata al parco. Ci sono giorni buoni e giorni difficili, ma va bene così. La fototerapia è diventata parte integrante della mia routine invernale.",0
"La ricerca psicodinamica dimostra che i disturbi dell'identità beneficiano di psicoterapia esplorativa e tecniche di integrazione del Sé. Complessivamente, facilita lo sviluppo identitario nel 67% dei giovani adulti entro 24 mesi. L'esplorazione delle relazioni oggettuali precoci risulta essenziale per comprendere le dinamiche sottostanti ai conflitti identitari.",1
"Silvia racconta: convivo con la sindrome delle gambe senza riposo. Ogni volta che l'agitazione notturna mi impedisce di dormire, mi affido alla respirazione profonda o a una passeggiata al parco. Ci sono giorni buoni e giorni difficili, ma va bene così. Gli esercizi di stretching serali mi hanno migliorato il sonno.",0
"Gli studi organizzativi evidenziano che il burnout professionale beneficia di interventi su job redesign e supporto psicologico aziendale. Complessivamente, riduce l'esaurimento emotivo del 62% entro 16 settimane. L'implementazione di programmi di wellness aziendale e la promozione del work-life balance risultano strategie preventive efficaci.",1
"Mi chiamo Lorenzo e convivo con il disturbo esplosivo intermittente. Quando sento la rabbia montare incontrollabilmente, mi affido alla respirazione profonda o a una passeggiata al parco. Ci sono giorni buoni e giorni difficili, ma va bene così. Imparare a riconoscere i segnali precoci mi ha salvato molte relazioni.",0
"Le ricerche affettive mostrano che i disturbi dell'umore beneficiano di terapia interpersonale e regolazione dei ritmi sociali. Complessivamente, stabilizza l'umore nell'79% dei pazienti entro 20 settimane. Il monitoraggio degli eventi di vita e l'identificazione dei pattern relazionali disfunzionali rappresentano focus terapeutici centrali.",1
"Sono Camilla: ormai da tempo convivo con la tricofagia. Nei momenti di stress estremo, mi affido alla respirazione profonda o a una passeggiata al parco. Ci sono giorni buoni e giorni difficili, ma va bene così. Trovare alternative salutari per gestire lo stress è stato fondamentale.",0
"Gli studi neuroscientifici indicano che la riabilitazione cognitiva beneficia di training computerizzati e stimolazione cerebrale non invasiva. Complessivamente, migliora le funzioni esecutive del 71% entro 12 settimane. L'approccio multimmodale che combina stimolazione cognitiva e fisica risulta particolarmente efficace per la neuroplasticità adattiva.",1
"Ciao, sono Alberto. Convivo con il disturbo dell'adattamento. Quando i cambiamenti della vita mi destabilizzano, mi affido alla respirazione profonda o a una passeggiata al parco. Ci sono giorni buoni e giorni difficili, ma va bene così. Sviluppare resilienza richiede tempo e pazienza.",0
"Le evidenze cliniche dimostrano che l'ansia generalizzata beneficia di terapia cognitivo-comportamentale e tecniche di rilassamento progressivo. Complessivamente, riduce la preoccupazione eccessiva del 74% entro 16 settimane. L'identificazione dei pensieri catastrofici e il training di problem-solving risultano componenti terapeutiche essenziali.",1
"Paola qui, convivo con la sindrome premestruale grave. Ogni volta che gli sbalzi ormonali influenzano il mio umore, mi affido alla respirazione profonda o a una passeggiata al parco. Ci sono giorni buoni e giorni difficili, ma va bene così. Tenere traccia dei cicli mi aiuta a prepararmi meglio.",0
"La ricerca sul benessere evidenzia che la felicità beneficia di interventi su gratitudine, flow e connessioni sociali significative. Complessivamente, aumenta la soddisfazione di vita del 58% entro 10 settimane. La pratica di atti di gentilezza e l'identificazione delle proprie forze caratteriali rappresentano strategie efficaci per il benessere psicologico.",1
"Mi chiamo Stefano e convivo con la dipendenza affettiva. Quando la paura dell'abbandono diventa paralizzante, mi affido alla respirazione profonda o a una passeggiata al parco. Ci sono giorni buoni e giorni difficili, ma va bene così. Imparare a stare bene da solo è stata la sfida più grande.",0
"Gli studi nutrizionali mostrano che il binge eating beneficia di terapia cognitivo-comportamentale e mindful eating. Complessivamente, riduce gli episodi di abbuffata del 76% entro 20 settimane. L'identificazione dei trigger emotivi e lo sviluppo di strategie alternative di gestione delle emozioni risultano centrali nel trattamento.",1
"Sono Elisa: ormai da tempo convivo con l'ansia da prestazione sessuale. Nei momenti di intimità, quando la preoccupazione prende il sopravvento, mi affido alla respirazione profonda o a una passeggiata al parco. Ci sono giorni buoni e giorni difficili, ma va bene così. La comunicazione aperta con il partner è stata liberatoria.",0
"Le ricerche evolutive indicano che i problemi adolescenziali beneficiano di counseling individuale e coinvolgimento genitoriale guidato. Complessivamente, migliora l'adattamento psicosociale nell'83% dei ragazzi entro 16 settimane. L'accesso a servizi youth-friendly e peer support risulta fondamentale per l'engagement terapeutico degli adolescenti.",1
"Ciao, sono Massimo. Convivo con il disturbo dell'alimentazione notturna. Quando l'impulso di mangiare di notte diventa irresistibile, mi affido alla respirazione profonda o a una passeggiata al parco. Ci sono giorni buoni e giorni difficili, ma va bene così. Ristrutturare la routine serale mi ha aiutato molto.",0
"Gli studi evolutivi dimostrano che i disturbi dell'attaccamento beneficiano di terapia relazionale e interventi su caregiver sensibili. Complessivamente, facilita la sicurezza relazionale nel 69% dei bambini entro 18 mesi. La psicoeducazione sui pattern di attaccamento e il supporto genitoriale risultano elementi chiave per il cambiamento delle dinamiche relazionali.",1
"Cristina racconta: convivo con la sindrome del colon irritabile legata allo stress. Ogni volta che l'ansia si manifesta con sintomi fisici, mi affido alla respirazione profonda o a una passeggiata al parco. Ci sono giorni buoni e giorni difficili, ma va bene così. Capire il legame mente-corpo è stato illuminante.",0
"Le evidenze narrative mostrano che lo storytelling beneficia di approcci strutturati e supervisione clinica specializzata. Complessivamente, facilita l'elaborazione traumatica nel 72% dei pazienti entro 14 settimane. L'utilizzo di tecniche espressive e creative risulta particolarmente efficace per l'accesso a contenuti emotivi altrimenti difficili da verbalizzare.",1
"Mi chiamo Fabio e convivo con il disturbo di personalità evitante. Quando la paura del giudizio mi impedisce di socializzare, mi affido alla respirazione profonda o a una passeggiata al parco. Ci sono giorni buoni e giorni difficili, ma va bene così. Partecipare a gruppi di supporto mi ha dato coraggio.",0
"La ricerca psicofisiologica indica che i disturbi dell'arousal beneficiano di biofeedback e training di autoregolazione autonomica. Complessivamente, migliora il controllo fisiologico del 68% entro 12 settimane. L'educazione sui meccanismi di attivazione e l'apprendimento di tecniche di rilassamento risultano fondamentali per l'autogestione sintomatologica.",1
"Sono Michela: ormai da tempo convivo con la sindrome dell'ovaio policistico e i suoi effetti sull'umore. Nei momenti in cui gli squilibri ormonali mi destabilizzano, mi affido alla respirazione profonda o a una passeggiata al parco. Ci sono giorni buoni e giorni difficili, ma va bene così. L'approccio olistico mi ha aiutato su più fronti.",0
"Gli studi gruppali evidenziano che la terapia di gruppo beneficia di setting strutturato e leadership terapeutica esperta. Complessivamente, facilita il cambiamento interpersonale nell'81% dei partecipanti entro 20 settimane. L'utilizzo di fattori terapeutici gruppali come universalità e feedback interpersonale risulta peculiarmente efficace per specifiche problematiche relazionali.",1
"Ciao, sono Enrico. Convivo con il disturbo dell'attenzione e iperattività. Quando l'iperattivazione mentale non mi dà tregua, mi affido alla respirazione profonda o a una passeggiata al parco. Ci sono giorni buoni e giorni difficili, ma va bene così. Le tecniche di mindfulness mi aiutano a rallentare.",0
"Le ricerche neuropsicologiche mostrano che i deficit cognitivi beneficiano di assessment completo e riabilitazione mirata domain-specific. Complessivamente, migliora il funzionamento cognitivo del 63% entro 16 settimane. L'identificazione dei profili neuropsicologici specifici risulta essenziale per personalizzare gli interventi riabilitativi e massimizzare il recupero funzionale.",1
"Roberta qui, convivo con la sindrome da fatica cronica. Ogni volta che la stanchezza diventa schiacciante, mi affido alla respirazione profonda o a una passeggiata al parco. Ci sono giorni buoni e giorni difficili, ma va bene così. Ascoltare il mio corpo e rispettare i suoi ritmi è fondamentale.",0
"Gli studi epidemiologici indicano che la salute mentale comunitaria beneficia di servizi territoriali integrati e empowerment delle risorse locali. Complessivamente, riduce l'ospedalizzazione del 54% nelle aree di implementazione. Lo sviluppo di reti di supporto informale e l'accessibilità ai servizi rappresentano elementi chiave per la prevenzione e il trattamento su base comunitaria.",1
"Mi chiamo Claudio e convivo con il disturbo schizoide di personalità. Quando l'isolamento sociale diventa eccessivo, mi affido alla respirazione profonda o a una passeggiata al parco. Ci sono giorni buoni e giorni difficili, ma va bene così. Trovare il giusto equilibrio tra solitudine e connessione è una sfida continua.",0
"Le evidenze farmacologiche dimostrano che l'ottimizzazione terapeutica beneficia di monitoraggio plasmatico e farmacogenetica personalizzata. Complessivamente, migliora la risposta terapeutica nel 77% dei pazienti entro 8 settimane. L'identificazione di polimorfismi metabolici e l'aggiustamento posologico risultano cruciali per minimizzare gli effetti collaterali e massimizzare l'efficacia.",1
"Sono Antonella; ormai da tempo convivo con la fibromialgia e i suoi effetti psicologici. Nei momenti in cui il dolore cronico influenza il mio umore, mi affido alla respirazione profonda o a una passeggiata al parco. Ci sono giorni buoni e giorni difficili, ma va bene così. La gestione integrata del dolore mi ha dato nuove speranze.",0
"La ricerca contemplativa evidenzia che gli interventi mindfulness-based beneficiano di pratica intensiva e supervisione qualificata. Complessivamente, riduce la reattività emotiva del 71% entro 8 settimane di training. L'integrazione di elementi meditativi tradizionali con approcci evidence-based risulta efficace per diverse condizioni cliniche.",1
"Ciao, sono Daniele. Convivo con il disturbo dell'identità di genere. Quando la disforia diventa intensa, mi affido alla respirazione profonda o a una passeggiata al parco. Ci sono giorni buoni e giorni difficili, ma va bene così. Trovare una comunità di supporto mi ha fatto sentire finalmente compreso.",0
"Gli studi su traumi acuti mostrano che il primo soccorso psicologico beneficia di protocolli standardizzati e formazione specialistica. Complessivamente, previene la cronacizzazione del trauma nel 64% dei casi entro 30 giorni. L'intervento precoce e la stabilizzazione emotiva risultano elementi cruciali per prevenire l'evoluzione verso disturbi post-traumatici complessi.",1
"Veronica racconta: convivo con il disturbo del controllo degli impulsi. Ogni volta che sento di perdere il controllo sui miei comportamenti, mi affido alla respirazione profonda o a una passeggiata al parco. Ci sono giorni buoni e giorni difficili, ma va bene così. Imparare tecniche di autoregolazione è stato un percorso graduale.",0
"Le ricerche digitali indicano che la telepsichiatria beneficia di piattaforme sicure e protocolli clinici adattati. Complessivamente, mantiene l'efficacia terapeutica nel 73% dei pazienti seguiti a distanza. L'accessibilità geografica e la continuità delle cure rappresentano vantaggi significativi, specialmente per popolazioni rurali o con limitazioni alla mobilità.",1
"Mi chiamo Vincenzo e convivo con la sindrome del sopravvissuto. Quando i sensi di colpa per essere sopravvissuto mi tormentano, mi affido alla respirazione profonda o a una passeggiata al parco. Ci sono giorni buoni e giorni difficili, ma va bene così. Onorare la memoria di chi non c'è più mi ha dato un senso di pace.",0
"Gli studi preventivi dimostrano che la promozione del benessere beneficia di programmi scolastici strutturati e coinvolgimento comunitario. Complessivamente, riduce l'incidenza di disturbi mentali del 43% nelle popolazioni target. L'implementazione precoce di life skills training e la creazione di ambienti supportivi risultano strategie fondamentali per la prevenzione primaria.",1
"Sono Giovanna: ormai da tempo convivo con la sindrome dell'intestino irritabile legata all'ansia. Nei momenti in cui lo stress si manifesta con sintomi gastrointestinali, mi affido alla respirazione profonda o a una passeggiata al parco. Ci sono giorni buoni e giorni difficili, ma va bene così. Integrare alimentazione e benessere mentale è stata la chiave del mio equilibrio.",0